--Insertion des données
INSERT INTO
    segment
VALUES
    ('130.120.80', 'segment 80'),
    ('130.120.81', 'segment 81'),
    ('130.120.82', 'segment 82');

INSERT INTO
    salle
VALUES
    ('S01', 'Salle 1', 3, '130.120.80'),
    ('S02', 'Salle 2', 2, '130.120.80'),
    ('S03', 'Salle 3', 2, '130.120.80'),
    ('S11', 'Salle 11', 2, '130.120.81'),
    ('S12', 'Salle 12', 1, '130.120.81'),
    ('S21', 'Salle 21', 2, '130.120.82');

INSERT INTO
    poste
VALUES
    ('P1', 'poste1', '130.120.80', '01', 'TX', 'S01'),
    ('P2','poste2','130.120.80','02','UNIX','S01'),
    ('P3', 'poste3', '130.120.80', '03', 'TX', 'S01'),
    ('P4','poste4','130.120.80','04','PCWS','S02'),
    ('P5','poste5','130.120.80','05','PCWS','S02'),
    ('P6','poste6','130.120.80','06','UNIX','S03'),
    ('P7', 'poste7', '130.120.80', '07', 'TX', 'S03'),
    ('P8','poste8','130.120.81','01','UNIX','S11'),
    ('P9', 'poste9', '130.120.81', '02', 'TX', 'S11'),
    ('P10','poste10','130.120.81','03','UNIX','S12'),
    ('P11','poste11','130.120.82','01','PCXP','S21'),
    ('P12','poste12','130.120.82','02','PCXP','S21');

INSERT INTO
    logiciel
VALUES
    ('Log1', 'Oracle 9i', '13/05/2021', '9.2', 'UNIX'),
    ('Log2','Oracle 10g','15/09/202','10.1','UNIX'),
    ('Log3','Sql Server','12/04/2022','2020SE','PCXP'),
    ('Log4', '4D', '03/06/2020', '2019.4', 'PCXP'),
    ('Log5', 'Windev', '12/11/2021', '10', 'PCWS'),
    ('Log6', 'Sql*Net', '13/05/2021', '2.5', 'UNIX'),
    ('Log7', 'I. I. S.', '12/04/2020', '6.0', 'PCXP'),
    ('Log8','Autocad','21/03/2022','AU2019','PCWS');

INSERT INTO
    installer
VALUES
    ('P2', 'Log1', '15/05/2021'),
    ('P2', 'Log2', '17/09/2020'),
    ('P4', 'Log5', '30/05/2022'),
    ('P6', 'Log6', '20/05/2021'),
    ('P6', 'Log1', '20/05/2021'),
    ('P8', 'Log2', '19/05/2021'),
    ('P8', 'Log6', '20/05/2021');